<Objects>
	<Object>
		<Token>[BREADCRUMB]</Token>
		<Settings>
			<Setting>
				<Name>Separator</Name>
				<Value><![CDATA[&nbsp;&raquo;&nbsp;]]></Value>
			</Setting>
			<Setting>
				<Name>RootLevel</Name>
				<Value>0</Value>
			</Setting>
		</Settings>
		<Token>[TREEVIEW]</Token>
		<Settings>
			<Setting>
				<Name>bodyCssClass</Name>
				<Value>Normal</Value>
			</Setting>
			<Setting>
				<Name>CssClass</Name>
				<Value>TreeViewMenu</Value>
			</Setting>
			<Setting>
				<Name>headerCssClass</Name>
				<Value>TreeViewMenu_Header</Value>
			</Setting>
			<Setting>
				<Name>headerTextCssClass</Name>
				<Value>Head</Value>
			</Setting>
			<Setting>
				<Name>level</Name>
				<Value>root</Value>
			</Setting>
			<Setting>
				<Name>nowrap</Name>
				<Value>true</Value>
			</Setting>
			<Setting>
				<Name>treeIndentWidth</Name>
				<Value>5</Value>
			</Setting>
		</Settings>
	</Object>
</Objects>
