<?xml version="1.0" encoding="UTF-8" ?>
<root>
<!-- 
Specify timezones here 
-->
  <timezone name="(GMT -12:00) International Dateline West" key="-12" />
  <timezone name="(GMT -11:00) Midway Island, Samoa" key="-11" />
  <timezone name="(GMT -10:00) Hawaii" key="-10" />
  <timezone name="(GMT -09:00) Alaska" key="-9" />
  <timezone name="(GMT -08:00) Pacific Time (US &amp; Canada); Tijuana" key="-8" />
  <timezone name="(GMT -07:00) Mountain Time (US &amp; Canada)" key="-7" />
  <timezone name="(GMT -06:00) Central Time (US &amp; Canada)" key="-6" />
  <timezone name="(GMT -05:00) Eastern Time (US &amp; Canada)" key="-5" />
  <timezone name="(GMT -04:00) Atlantic Time (Canada)" key="-4" />
  <timezone name="(GMT -03:00) Buenos Aires, Georgetown" key="-3" />
  <timezone name="(GMT -02:00) Mid-Atlantic" key="-2" />
  <timezone name="(GMT -01:00) Cape Verde Is." key="-1" />
  <timezone name="(GMT) Greenwich Mean Time : Dublin, Edinburgh, Lisbon, London" key="0" />
  <timezone name="(GMT +01:00) Amsterdam, Berlin, Bern, Rome, Stockholm, Vienna" key="1" />
  <timezone name="(GMT +02:00) Athens, Bucharest, Istanbul, Minsk" key="2" />
  <timezone name="(GMT +03:00) Moscow, St. Petersburg, Volgograd" key="3" />
  <timezone name="(GMT +04:00) Abu Dhabi, Muscat" key="4" />
  <timezone name="(GMT +05:00) Islamabad, Karachi, Tashkent" key="5" />
  <timezone name="(GMT +06:00) Almaty, Novosibirsk" key="6" />
  <timezone name="(GMT +07:00) Bangkok, Hanoi, Jakarta" key="7" />
  <timezone name="(GMT +08:00) Beijing, Chongqing, Hong Kong, Urumqi" key="8" />
  <timezone name="(GMT +09:00) Osaka, Sapporo, Tokyo" key="9" />
  <timezone name="(GMT +10:00) Canberra, Melbourne, Sydney" key="10" />
  <timezone name="(GMT +11:00) Magadan, Solomon Is., New Caledonia" key="11" />
  <timezone name="(GMT +12:00) Auckland, Fiji, Kamchatka, Marshall Is." key="12" />
  <timezone name="(GMT +13:00) Nuku'alofa" key="13" />
</root>