<?xml version="1.0"?>
<doc>
  <assembly>
    <name>DotNetNuke.WebControls</name>
    <version>1.0.1585.32260</version>
    <fullname>DotNetNuke.WebControls, Version=1.0.1585.32260, Culture=neutral, PublicKeyToken=null</fullname>
  </assembly>
  <members>
    <member name="T:DotNetNuke.UI.WebControls.ITreeNodeWriter">
      <summary>
 ITreeNodeWriter interface declaration. All the objects which want to implement 
 a writer class for the TreeNode should inherit from this interface. 
 </summary>
    </member>
    <member name="M:DotNetNuke.UI.WebControls.ITreeNodeWriter.RenderNode(System.Web.UI.HtmlTextWriter,DotNetNuke.UI.WebControls.TreeNode)">
      <summary>
 When implemented renders an Node inside the tree. 
 </summary>
 <param name="writer" />
 <param name="Node" /></member>
    <member name="T:DotNetNuke.UI.WebControls.IDNNTreeWriter">
      <summary>
 IDNNTreeWriter interface declaration. All the objects which want to implement 
 a writer class for the DNNTree should inherit from this interface. 
 </summary>
    </member>
    <member name="M:DotNetNuke.UI.WebControls.IDNNTreeWriter.RenderTree(System.Web.UI.HtmlTextWriter,DotNetNuke.UI.WebControls.DnnTree)">
      <summary>
 When implemented renders the tree. 
 </summary>
 <param name="writer" />
 <param name="tree" /></member>
    <member name="T:DotNetNuke.UI.WebControls.NodeImageCollection">
      <summary>
 Represents a collection of <see cref="NodeImage">NodeImage</see> objects. 
 </summary>
    </member>
    <member name="M:DotNetNuke.UI.WebControls.NodeImageCollection.#ctor">
      <summary>
 Initializes a new instance of the <see cref="NodeImageCollection">NodeImageCollection</see> class. 
 </summary>
    </member>
    <member name="M:DotNetNuke.UI.WebControls.NodeImageCollection.#ctor(DotNetNuke.UI.WebControls.NodeImageCollection)">
      <summary>
 Initializes a new instance of the <see cref="NodeImageCollection">NodeImageCollection</see> class containing the elements of the specified source collection. 
 </summary>
 <param name="value">A <see cref="NodeImageCollection">NodeImageCollection</see> with which to initialize the collection.</param></member>
    <member name="M:DotNetNuke.UI.WebControls.NodeImageCollection.#ctor(DotNetNuke.UI.WebControls.NodeImage())">
      <summary>
 Initializes a new instance of the <see cref="NodeImageCollection">NodeImageCollection</see> class containing the specified array of <see cref="NodeImage">NodeImage</see> objects. 
 </summary>
 <param name="value">An array of <see cref="NodeImage">NodeImage</see> objects with which to initialize the collection. </param></member>
    <member name="P:DotNetNuke.UI.WebControls.NodeImageCollection.Item(System.Int32)">
      <summary>
 Gets the <see cref="NodeImageCollection">NodeImageCollection</see> at the specified index in the collection. 
 <para>
 In VB.Net, this property is the indexer for the <see cref="NodeImageCollection">NodeImageCollection</see> class. 
 </para>
 </summary>
    </member>
    <member name="M:DotNetNuke.UI.WebControls.NodeImageCollection.Add(DotNetNuke.UI.WebControls.NodeImage)">
      <summary>
 Add an element of the specified <see cref="NodeImage">NodeImage</see> to the end of the collection. 
 </summary>
 <param name="value">An object of type <see cref="NodeImage">NodeImage</see> to add to the collection.</param></member>
    <member name="M:DotNetNuke.UI.WebControls.NodeImageCollection.Add(System.String)">
      <summary>
 Add an element of the specified <see cref="NodeImage">NodeImage</see> to the end of the collection. 
 </summary>
 <param name="value">An object of type <see cref="NodeImage">NodeImage</see> to add to the collection.</param></member>
    <member name="M:DotNetNuke.UI.WebControls.NodeImageCollection.AddRange(DotNetNuke.UI.WebControls.NodeImage())">
      <summary>
 Copies the elements of the specified <see cref="NodeImage">NodeImage</see> array to the end of the collection. 
 </summary>
 <param name="value">An array of type <see cref="NodeImage">NodeImage</see> containing the objects to add to the collection.</param></member>
    <member name="M:DotNetNuke.UI.WebControls.NodeImageCollection.AddRange(DotNetNuke.UI.WebControls.NodeImageCollection)">
      <summary>
 Adds the contents of another <see cref="NodeImageCollection">NodeImageCollection</see> to the end of the collection. 
 </summary>
 <param name="value">A <see cref="NodeImageCollection">NodeImageCollection</see> containing the objects to add to the collection. </param></member>
    <member name="M:DotNetNuke.UI.WebControls.NodeImageCollection.IndexOf(DotNetNuke.UI.WebControls.NodeImage)">
      <summary>
 Gets the index in the collection of the specified <see cref="NodeImageCollection">NodeImageCollection</see>, if it exists in the collection. 
 </summary>
 <param name="value">The <see cref="NodeImageCollection">NodeImageCollection</see> to locate in the collection.</param>
 <returns>The index in the collection of the specified object, if found; otherwise, -1.</returns></member>
    <member name="M:DotNetNuke.UI.WebControls.NodeImageCollection.Contains(DotNetNuke.UI.WebControls.NodeImage)">
      <summary>
 Gets a value indicating whether the collection contains the specified <see cref="NodeImageCollection">NodeImageCollection</see>. 
 </summary>
 <param name="value">The <see cref="NodeImageCollection">NodeImageCollection</see> to search for in the collection.</param>
 <returns><b>true</b> if the collection contains the specified object; otherwise, <b>false</b>.</returns></member>
    <member name="M:DotNetNuke.UI.WebControls.NodeImageCollection.Insert(System.Int32,DotNetNuke.UI.WebControls.NodeImage)">
      <summary>
 Add an element of the specified <see cref="NodeImage">NodeImage</see> to the collection at the designated index. 
 </summary>
 <param name="index">An <see cref="system.int32">Integer</see> to indicate the location to add the object to the collection.</param>
 <param name="value">An object of type <see cref="NodeImage">NodeImage</see> to add to the collection.</param></member>
    <member name="M:DotNetNuke.UI.WebControls.NodeImageCollection.Remove(DotNetNuke.UI.WebControls.NodeImage)">
      <summary>
 Remove the specified object of type <see cref="NodeImage">NodeImage</see> from the collection. 
 </summary>
 <param name="value">An object of type <see cref="NodeImage">NodeImage</see> to remove to the collection.</param></member>
    <member name="M:DotNetNuke.UI.WebControls.NodeImageCollection.CopyTo(DotNetNuke.UI.WebControls.NodeImage[],System.Int32)">
      <summary>
 Copies the collection objects to a one-dimensional <see cref="T:System.Array">Array</see> instance beginning at the specified index. 
 </summary>
 <param name="array">The one-dimensional <see cref="T:System.Array">Array</see> that is the destination of the values copied from the collection.</param>
 <param name="index">The index of the array at which to begin inserting.</param></member>
    <member name="M:DotNetNuke.UI.WebControls.NodeImageCollection.ToArray">
      <summary>
 Creates a one-dimensional <see cref="T:System.Array">Array</see> instance containing the collection items. 
 </summary>
 <returns>Array of type NodeImage</returns></member>
    <member name="P:DotNetNuke.UI.WebControls.NodeImageCollection.IsTrackingViewState">
      <summary>
 (IStateManager.IsTrackingViewState) 
 Gets a value indicating whether the NodeImageCollection is tracking its view state changes. 
 </summary>
    </member>
    <member name="M:DotNetNuke.UI.WebControls.NodeImageCollection.TrackViewState">
      <summary>
 (IStateManager.TrackViewState) 
 Instructs the NodeImageCollection to track changes to its view state. 
 </summary>
    </member>
    <member name="M:DotNetNuke.UI.WebControls.NodeImageCollection.SaveViewState">
      <summary>
 (IStateManager.SaveViewState) 
 Saves the changes of NodeImageCollection's view state to an Object. 
 </summary>
    </member>
    <member name="M:DotNetNuke.UI.WebControls.NodeImageCollection.LoadViewState(System.Object)">
      <summary>
 (IStateManager.LoadViewState) 
 Loads the NodeImageCollection's previously saved view state. 
 </summary>
    </member>
    <member name="T:DotNetNuke.UI.WebControls.TreeNodeCollection">
      <summary>
 Represents a collection of <see cref="TreeNode">TreeNode</see> objects. 
 </summary>
    </member>
    <member name="M:DotNetNuke.UI.WebControls.TreeNodeCollection.#ctor(DotNetNuke.UI.WebControls.TreeNode)">
      <summary>
 Initializes a new instance of the <see cref="TreeNodeCollection">TreeNodeCollection</see> class containing the specified array of <see cref="TreeNode">TreeNode</see> objects. 
 </summary>
 <param name="value">An array of <see cref="TreeNode">TreeNode</see> objects with which to initialize the collection. </param></member>
    <member name="P:DotNetNuke.UI.WebControls.TreeNodeCollection.Item(System.Int32)">
      <summary>
 Gets the <see cref="TreeNodeCollection">TreeNodeCollection</see> at the specified index in the collection. 
 <para>
 In VB.Net, this property is the indexer for the <see cref="TreeNodeCollection">TreeNodeCollection</see> class. 
 </para>
 </summary>
    </member>
    <member name="M:DotNetNuke.UI.WebControls.TreeNodeCollection.Add(System.String)">
      <summary>
 Add an element of the specified <see cref="TreeNode">TreeNode</see> to the end of the collection. 
 </summary>
 <param name="value">An object of type <see cref="TreeNode">TreeNode</see> to add to the collection.</param></member>
    <member name="M:DotNetNuke.UI.WebControls.TreeNodeCollection.Add(DotNetNuke.UI.WebControls.TreeNode)">
      <summary>
 Add an element of the specified <see cref="TreeNode">TreeNode</see> to the end of the collection. 
 </summary>
 <param name="value">An object of type <see cref="TreeNode">TreeNode</see> to add to the collection.</param></member>
    <member name="M:DotNetNuke.UI.WebControls.TreeNodeCollection.IndexOf(DotNetNuke.UI.WebControls.TreeNode)">
      <summary>
 Gets the index in the collection of the specified <see cref="TreeNodeCollection">TreeNodeCollection</see>, if it exists in the collection. 
 </summary>
 <param name="value">The <see cref="TreeNodeCollection">TreeNodeCollection</see> to locate in the collection.</param>
 <returns>The index in the collection of the specified object, if found; otherwise, -1.</returns></member>
    <member name="M:DotNetNuke.UI.WebControls.TreeNodeCollection.Insert(System.Int32,DotNetNuke.UI.WebControls.TreeNode)">
      <summary>
 Add an element of the specified <see cref="TreeNode">TreeNode</see> to the collection at the designated index. 
 </summary>
 <param name="index">An <see cref="system.int32">Integer</see> to indicate the location to add the object to the collection.</param>
 <param name="value">An object of type <see cref="TreeNode">TreeNode</see> to add to the collection.</param></member>
    <member name="M:DotNetNuke.UI.WebControls.TreeNodeCollection.Remove(DotNetNuke.UI.WebControls.TreeNode)">
      <summary>
 Remove the specified object of type <see cref="TreeNode">TreeNode</see> from the collection. 
 </summary>
 <param name="value">An object of type <see cref="TreeNode">TreeNode</see> to remove to the collection.</param></member>
    <member name="M:DotNetNuke.UI.WebControls.TreeNodeCollection.Contains(DotNetNuke.UI.WebControls.TreeNode)">
      <summary>
 Gets a value indicating whether the collection contains the specified <see cref="TreeNodeCollection">TreeNodeCollection</see>. 
 </summary>
 <param name="value">The <see cref="TreeNodeCollection">TreeNodeCollection</see> to search for in the collection.</param>
 <returns><b>true</b> if the collection contains the specified object; otherwise, <b>false</b>.</returns></member>
    <member name="M:DotNetNuke.UI.WebControls.TreeNodeCollection.CopyTo(DotNetNuke.UI.WebControls.TreeNode[],System.Int32)">
      <summary>
 Copies the collection objects to a one-dimensional <see cref="T:System.Array">Array</see> instance beginning at the specified index. 
 </summary>
 <param name="array">The one-dimensional <see cref="T:System.Array">Array</see> that is the destination of the values copied from the collection.</param>
 <param name="index">The index of the array at which to begin inserting.</param></member>
    <member name="M:DotNetNuke.UI.WebControls.TreeNodeCollection.ToArray">
      <summary>
 Creates a one-dimensional <see cref="T:System.Array">Array</see> instance containing the collection items. 
 </summary>
 <returns>Array of type TreeNode</returns></member>
  </members>
</doc>