<?xml version="1.0" encoding="UTF-8"?>
<root>
  <!-- 
    DotNetNuke - The Web of the future      http://www.dotnetnuke.com
    Copyright (c) 2002-2005  by Shaun Walker ( sales@perpetualmotion.ca ) of Perpetual Motion Interactive Systems Inc. ( http://www.perpetualmotion.ca )
    
    German Translation (c) 2004 by gamma concept mbH, Sebastian Leupold
    report comments and corrections to: dnndeutsch@gamma-concept.de
    -->
  <timezone name="(UTC -12:00) Internationale westl. Datumsgrenze" key="-720" />
  <timezone name="(UTC -11:00) MidwayIinseln, Samoa" key="-660" />
  <timezone name="(UTC -10:00) Hawaii, Cook-Inseln" key="-600" />
  <timezone name="(UTC -09:00) Alaska, frz. Polynesien" key="-540" />
  <timezone name="(UTC -08:00) Pacific Time (USA/Kanada); Tichuana" key="-480" />
  <timezone name="(UTC -07:00) Mountain Time (USA/Kanada)" key="-420" />
  <timezone name="(UTC -06:00) Central Time (USA/Kanada)" key="-360" />
  <timezone name="(UTC -05:00) Eastern Time (USA/Kanada)" key="-300" />
  <timezone name="(UTC -04:00) Atlantic Time (Kanada)" key="-240" />
  <timezone name="(UTC -03:30) Neufundland (Kanada)" key="-210" />
  <timezone name="(UTC -03:00) Buenos Aires, Georgetown, Montevideo" key="-180" />
  <timezone name="(UTC -02:00) Atlantik" key="-120" />
  <timezone name="(UTC -01:00) Cap Verde" key="-60" />
  <timezone name="(UTC  00:00) Koordinierte Weltzeit: Dublin, Ghana, Lissabon, London" key="0" />
  <timezone name="(UTC +01:00) MEZ: Amsterdam, Berlin, Bern, Rom, Paris, Stockholm, Wien" key="60" />
  <timezone name="(UTC +02:00) Athen, Bukarest, Istanbul, Minsk" key="120" />
  <timezone name="(UTC +03:00) Moskau, St. Petersburg, Wolgograd" key="180" />
  <timezone name="(UTC +03:30) Teheran" key="210" />
  <timezone name="(UTC +04:00) Abu Dhabi, Oman" key="240" />
  <timezone name="(UTC +04:30) Kabul" key="270" />
  <timezone name="(UTC +05:00) Islamabad, Karatschi, Tashkent" key="300" />
  <timezone name="(UTC +05:30) Chennai, Kalkutta, Mumbai, Neu Delhi" key="330" />
  <timezone name="(UTC +05:45) Kathmandu" key="345" />
  <timezone name="(UTC +06:00) Astana, Almati, Dakka, Novosibirsk" key="360" />
  <timezone name="(UTC +06:30) Rangun (Yangon, Birma)" key="390" />
  <timezone name="(UTC +07:00) Bangkok, Hanoi, Jakarta" key="420" />
  <timezone name="(UTC +08:00) Hong Kong, Peking, Urumqi" key="480" />
  <timezone name="(UTC +09:00) Osaka, Sapporo, Tokio" key="540" />
  <timezone name="(UTC +09:30) Adelaide, Darwin" key="570" />
  <timezone name="(UTC +10:00) Canberra, Melbourne, Sydney, Wladwostok" key="600" />
  <timezone name="(UTC +11:00) Magadan, Solomonen, Neukaledonien" key="660" />
  <timezone name="(UTC +12:00) Auckland, Fidschi, Kamtschatka, Marshallinseln." key="720" />
  <timezone name="(UTC +13:00) Nuku'alofa (Tonga)" key="780" />
</root>